Quartile,Normal-period productivity,Shock-period productivity,Immediate productivity drop,Recovery time,Output quality during shock
Q1,0.8895806088192543,0.9682457320731938,-0.07866512325393951,1.0293333333333334,0.9179543405878614
Q2,0.9082098509335228,1.0016252736673246,-0.09341542273380181,1.024,0.9341997964743811
Q3,0.9194742074078103,1.0215634965830929,-0.10208928917528266,1.032,0.9462926796879585
Q4,0.9424249018865366,1.0553216312785076,-0.11289672939197104,1.056,0.9662946634297109
