occupation,Workers,AI_exp,Error_sens,Pre_shock_abs,Mean_prod
Analyst,280,0.7302068999800069,0.7210917089762879,0.416145872631051,0.9112734569119209
Compliance/legal review,250,0.6796333263095443,0.8178085205169444,0.40888171644270954,0.8911773213021601
Developer,245,0.7988483404923293,0.6604811203915886,0.4227310124477931,0.9350660304615973
Manager,215,0.5236643745319872,0.6307109306837738,0.3950280944116145,0.8974177067787814
Researcher,245,0.7577921443903591,0.700037582622326,0.4144136157828755,0.9075442025603604
Support specialist,265,0.6397633844309084,0.5412041601085206,0.3889165593224812,0.9435787776753809
