Group,Early-period raw throughput,Pre-shock AI absorption,Shock-period output quality,Immediate productivity drop,Cumulative post-shock loss
High redesign group,0.4965209425231528,0.4315213720122241,0.9475083772806742,-0.1037672126142309,0.0016888123654221754
Low redesign group,0.470315249612202,0.3842594758315626,0.934862362809282,-0.0897660696632666,0.0014080954200975514
